Previous Scores,Performance Index
99,91
82,65
51,45
52,36
75,66
78,61
73,63
45,42
77,61
89,69
91,84
79,73
47,27
47,33
79,68
72,43
73,67
83,70
54,30
75,63
99,71
96,85
74,73
85,57
61,35
62,49
79,66
84,83
94,74
90,74
61,39
44,36
70,58
52,47
67,60
97,74
59,42
72,68
55,32
68,64
62,45
63,39
73,58
46,36
77,71
76,54
43,17
73,54
81,58
61,53
44,27
89,65
81,75
62,52
93,78
99,91
54,33
70,47
98,78
48,38
82,70
97,98
92,87
64,49
64,41
88,71
60,54
48,42
94,91
87,61
77,74
61,54
82,81
62,52
88,65
43,36
68,61
54,35
40,15
93,88
69,45
68,49
59,33
72,60
80,71
83,81
75,67
99,95
61,58
52,29
46,21
47,38
67,60
84,76
82,69
48,30
64,57
95,81
55,36
49,25
50,27
70,61
51,34
99,76
70,57
53,45
90,76
83,83
71,50
89,81
92,66
56,38
74,56
40,25
68,56
90,82
43,23
62,56
67,46
55,43
51,30
92,92
60,45
84,70
56,36
79,71
52,49
91,82
97,71
71,43
76,77
89,86
54,34
51,49
88,69
96,84
54,41
73,68
45,44
56,41
87,58
88,68
96,94
59,47
48,40
98,100
44,23
62,36
72,47
77,60
95,83
53,33
56,36
96,74
58,42
72,47
40,31
52,26
85,58
66,42
45,18
98,85
45,36
72,58
69,45
85,60
74,56
62,42
49,33
90,77
58,51
90,72
67,57
62,53
43,16
59,45
58,49
81,67
66,49
96,73
73,65
43,27
95,72
77,74
46,38
87,67
46,28
89,73
91,72
65,42
65,47
93,77
58,49
48,30
59,54
81,56
84,75
89,78
55,32
93,89
56,29
61,57
52,48
51,27
49,38
40,18
71,66
69,65
47,27
60,33
61,37
57,29
41,26
87,72
83,77
48,45
42,41
93,73
65,43
60,39
69,54
67,62
75,63
65,59
73,46
47,42
49,30
87,63
94,89
82,62
89,77
93,88
53,35
79,60
94,92
54,38
56,56
92,70
57,35
71,47
77,66
62,43
85,81
62,43
74,46
78,61
54,27
92,77
63,43
67,60
55,48
55,47
79,60
78,53
45,19
41,23
93,81
52,41
83,71
86,75
98,89
48,28
73,60
56,54
66,41
68,52
76,53
82,52
61,47
90,71
63,42
46,21
73,48
87,64
51,38
62,49
54,35
72,73
96,81
52,47
62,36
77,63
71,52
84,58
89,77
74,58
40,33
86,67
97,76
84,62
44,37
96,86
52,37
93,88
44,38
99,76
71,57
90,82
60,35
63,41
99,75
57,51
60,34
93,92
49,39
63,56
79,69
86,69
60,40
64,63
91,86
99,89
96,94
98,79
62,44
61,33
43,36
73,50
95,94
45,22
67,44
70,60
74,64
78,58
81,78
62,51
45,30
55,29
41,22
63,51
56,45
84,70
40,10
45,38
44,30
96,82
84,74
99,87
94,77
89,72
68,51
51,40
78,72
86,68
42,22
87,67
40,18
66,64
87,66
63,50
83,68
58,44
98,90
47,41
94,83
83,57
86,64
41,18
69,62
69,66
88,85
78,62
84,62
71,62
40,26
77,66
52,43
50,30
49,25
87,77
98,88
65,62
95,82
94,73
59,44
56,40
56,39
43,34
44,27
99,73
62,46
85,78
91,80
49,33
85,68
67,45
72,56
82,58
65,37
94,88
89,75
87,70
68,62
66,57
57,32
79,53
99,82
49,41
97,75
81,63
44,17
49,24
89,69
60,47
63,43
77,48
42,17
79,75
70,54
80,59
76,56
41,20
41,34
78,54
88,83
81,59
83,63
73,72
81,70
59,41
72,54
43,21
84,83
83,64
50,51
81,66
86,83
44,26
64,49
88,85
99,95
76,56
73,50
48,23
45,26
57,30
53,28
58,48
53,46
79,73
56,45
99,76
74,71
68,60
81,77
56,36
98,96
82,62
47,22
40,21
84,79
92,82
75,55
46,22
85,70
44,37
63,42
67,64
82,72
56,42
76,56
59,43
42,24
76,55
65,64
54,34
90,78
87,71
47,33
52,46
87,86
42,34
40,26
48,44
70,53
80,61
93,84
65,40
56,53
95,67
73,58
48,41
95,89
90,85
52,33
44,20
80,66
52,38
40,25
64,43
86,79
43,16
75,67
91,80
49,26
67,57
96,91
45,29
66,48
95,84
51,33
91,82
87,81
42,24
85,81
72,54
49,25
70,53
54,48
46,40
75,66
53,29
95,73
87,89
53,27
42,40
88,83
92,69
85,72
89,77
42,32
61,49
58,44
74,57
51,34
93,76
44,22
49,30
80,67
72,71
52,29
74,74
90,67
71,46
50,34
87,76
77,64
63,46
74,68
58,58
45,41
79,64
93,84
84,70
83,77
81,60
74,65
43,21
72,60
52,48
95,77
75,63
93,68
82,81
58,29
82,66
51,36
50,29
45,32
51,31
66,45
80,65
64,57
81,58
42,38
42,22
59,48
67,59
62,58
87,62
42,30
81,56
63,40
82,59
79,65
45,43
59,48
50,24
71,51
99,81
66,62
60,43
83,63
87,73
89,76
52,43
61,34
74,57
86,72
61,47
67,52
60,49
85,77
57,41
70,56
99,89
85,65
76,49
60,48
53,47
64,37
66,48
79,61
99,77
99,75
62,57
70,45
86,82
99,90
68,42
86,74
69,60
90,73
65,40
59,32
77,67
58,46
66,65
64,42
79,69
77,62
91,75
62,40
68,43
54,42
98,84
42,15
49,39
54,26
95,73
55,34
56,34
58,37
50,34
87,85
44,31
44,18
97,92
53,44
89,72
65,40
47,31
44,25
46,44
55,27
94,66
53,34
76,70
95,81
80,56
43,30
75,60
87,64
95,74
56,52
86,84
75,66
45,32
55,47
68,51
75,67
77,57
76,71
87,86
96,77
87,72
49,24
80,60
75,55
68,54
53,39
43,19
83,68
95,83
81,72
75,49
89,74
84,86
52,26
85,60
57,54
72,73
60,61
55,45
54,57
93,68
96,72
44,17
45,37
77,54
42,22
87,73
51,47
75,63
72,63
75,68
72,52
70,64
60,38
66,60
66,45
47,39
95,75
76,67
71,48
65,44
41,37
51,41
61,47
56,45
46,43
82,54
43,32
76,64
77,74
71,50
50,33
40,36
64,45
81,58
91,85
63,41
92,78
82,63
95,76
56,51
47,36
98,74
84,65
66,65
91,79
57,46
66,47
61,42
55,46
41,34
44,27
57,52
42,17
66,53
93,84
56,39
55,44
45,36
90,81
46,30
89,80
53,41
77,77
79,69
54,34
86,64
86,78
87,74
72,52
82,76
66,53
68,46
96,77
76,59
44,35
68,61
71,46
99,97
92,86
45,24
41,37
45,18
85,84
82,59
43,29
95,84
68,60
98,78
64,46
48,31
95,68
42,25
65,37
87,62
82,69
66,50
75,55
71,54
40,12
96,88
92,69
93,88
55,41
90,83
87,62
50,45
65,42
79,65
94,73
40,23
65,61
67,41
92,85
97,93
48,35
99,92
98,79
83,57
61,49
47,28
97,85
88,82
81,80
66,41
78,57
58,41
64,43
77,73
60,46
63,61
63,61
99,87
99,78
58,43
89,75
86,72
41,18
53,36
92,92
71,71
81,58
71,69
67,58
87,74
78,72
79,61
81,74
86,60
79,70
52,27
51,49
47,17
54,34
65,51
51,27
82,67
90,84
85,81
66,45
57,50
84,67
75,67
88,77
90,70
66,59
48,27
94,88
78,60
40,14
46,27
65,54
46,32
91,79
46,44
47,20
55,42
42,33
84,58
49,31
89,75
46,22
60,46
92,68
76,66
70,60
62,44
96,90
66,47
95,88
61,56
78,66
96,78
66,43
93,72
88,69
43,24
63,47
62,45
87,72
58,51
81,73
42,28
66,56
42,29
67,60
56,28
70,66
49,21
88,84
61,42
69,51
88,74
60,50
75,62
92,90
62,32
77,71
51,37
64,42
93,85
96,96
59,51
88,82
88,64
81,67
46,32
68,50
87,73
68,62
52,48
42,20
41,33
55,43
69,49
77,70
45,28
84,82
46,29
44,42
95,79
46,41
73,61
71,69
88,68
52,38
69,67
64,54
60,39
99,93
98,76
60,39
67,38
87,69
97,88
59,54
73,68
44,33
57,40
99,87
78,64
82,70
96,70
96,72
50,38
93,71
56,40
87,58
84,77
61,38
76,60
59,57
87,63
99,82
93,84
93,84
87,77
87,61
85,73
45,15
73,64
53,33
87,78
62,43
59,34
52,48
86,66
83,60
80,53
71,51
65,43
89,68
92,80
53,26
91,70
96,85
75,57
47,30
79,56
61,53
61,52
55,47
66,48
95,78
99,79
99,75
49,40
64,59
70,49
60,48
66,60
56,29
72,68
70,63
89,71
81,76
65,57
60,54
75,61
40,34
43,32
43,23
65,44
43,18
88,82
48,18
69,52
90,88
84,78
43,26
44,26
84,74
62,52
55,40
61,54
76,51
47,35
87,79
72,45
94,81
99,87
77,56
82,65
55,38
44,17
55,35
46,20
90,75
40,26
48,23
57,38
84,78
97,91
86,67
42,31
63,49
67,57
49,45
48,22
52,35
87,65
74,53
93,79
62,57
86,58
56,50
85,75
46,17
91,70
55,36
92,61
79,78
75,71
59,36
63,63
86,78
44,39
84,70
45,34
67,49
98,71
44,34
88,77
78,67
77,52
41,25
82,68
78,76
93,85
60,40
79,56
76,62
98,99
57,46
93,86
87,73
85,74
51,37
56,50
76,65
85,79
77,53
54,55
46,31
53,47
89,63
40,27
77,53
42,33
76,56
83,65
70,55
82,67
52,32
87,73
57,45
56,43
56,32
50,42
59,55
49,28
68,58
87,67
73,66
56,46
93,79
91,83
81,63
52,45
83,63
86,70
78,58
66,50
93,77
92,75
65,40
67,43
52,47
51,22
83,71
67,63
41,37
76,72
96,73
96,72
73,68
62,59
97,97
91,83
84,65
68,47
74,51
50,32
87,63
72,60
90,70
50,32
48,32
53,29
48,21
78,74
87,81
42,11
68,65
58,37
75,75
71,61
46,17
94,87
67,52
83,71
57,46
99,99
44,40
62,42
94,91
61,57
65,58
81,55
51,46
79,64
58,45
86,78
40,24
42,36
66,65
57,35
89,87
69,45
41,35
44,18
68,46
72,63
81,62
59,35
69,63
81,58
44,37
89,74
60,40
97,78
54,38
59,55
47,39
88,84
70,60
51,47
60,34
69,54
66,56
83,82
65,45
72,45
65,43
65,57
75,56
79,56
40,30
98,75
54,33
89,80
40,27
50,26
94,81
41,41
40,34
70,68
83,83
55,44
93,75
61,52
81,56
57,37
86,67
56,50
69,46
49,31
74,51
97,82
60,58
55,31
45,29
42,40
80,51
82,79
60,52
52,36
57,43
97,81
93,81
99,84
63,55
66,64
93,68
43,41
61,53
63,50
79,65
84,78
49,31
41,30
79,64
45,26
87,66
57,55
56,52
77,57
84,68
62,57
85,75
69,54
97,82
60,51
49,43
95,68
82,77
52,33
51,37
48,23
43,26
78,56
63,42
93,65
73,66
78,57
80,59
44,28
54,46
89,84
43,42
90,73
91,77
97,74
78,75
97,94
47,27
88,89
84,62
63,59
92,73
67,57
94,90
82,80
66,50
40,18
73,68
56,39
76,67
77,69
65,43
96,84
63,50
78,65
99,74
60,35
69,61
86,64
90,66
87,81
96,93
52,28
76,71
42,13
71,59
74,67
58,35
53,46
87,59
61,57
56,51
98,80
43,22
84,71
79,73
58,40
76,75
41,24
54,45
41,25
50,42
84,63
62,44
49,26
42,31
44,26
42,15
77,77
52,31
81,75
58,34
79,74
89,68
74,64
63,43
63,54
56,53
79,56
49,34
41,27
83,66
62,41
45,25
41,20
60,45
94,70
95,86
74,46
88,73
68,42
46,27
68,64
92,71
76,56
62,43
72,50
47,31
51,42
85,60
87,76
49,28
54,45
92,71
63,44
65,48
86,57
81,61
92,86
99,95
78,70
97,81
42,18
41,24
45,32
60,40
48,25
49,41
75,66
98,83
42,22
80,70
63,42
61,56
88,72
53,31
81,60
84,74
83,62
66,44
72,46
99,96
61,51
68,43
58,51
58,58
45,23
84,67
58,50
52,31
98,83
65,55
61,44
60,45
75,73
95,76
41,23
86,84
83,73
69,48
66,50
46,30
59,51
89,76
70,66
62,50
52,40
56,42
43,29
96,77
53,45
59,49
99,74
52,45
42,27
65,44
65,42
57,43
71,68
53,29
86,73
42,39
40,30
65,53
63,38
88,82
74,72
53,24
42,44
52,45
86,75
89,75
53,26
60,49
65,42
42,14
90,64
79,54
43,16
75,73
90,67
82,69
40,28
79,67
86,62
72,60
46,43
92,70
91,70
91,84
95,72
50,44
66,46
53,41
61,58
55,44
85,89
51,45
88,87
85,61
49,41
63,57
85,62
57,39
61,54
48,33
56,42
77,70
79,67
97,80
52,44
89,69
76,66
45,35
60,61
90,68
75,55
46,36
75,56
64,58
50,40
83,68
53,43
84,61
68,45
49,36
89,67
87,67
44,29
47,31
85,74
44,37
97,79
99,76
63,45
79,65
96,72
65,62
45,19
55,39
99,93
75,62
51,37
50,34
42,23
83,79
76,51
45,18
58,41
57,57
55,36
62,47
82,65
76,57
48,22
42,20
47,27
77,64
43,32
51,29
83,62
70,56
64,43
92,70
55,49
81,68
93,66
53,31
52,44
80,65
46,36
51,27
76,71
89,76
43,31
41,26
74,69
97,90
83,79
42,33
43,40
77,58
51,28
58,50
49,37
40,15
56,50
55,55
48,25
96,79
92,79
48,36
98,69
94,83
48,44
51,36
94,84
80,58
54,44
41,36
50,23
50,33
47,31
94,90
71,45
45,40
92,81
59,47
78,75
74,61
47,37
89,75
88,63
82,61
73,70
96,91
92,80
98,83
95,72
58,35
46,41
70,57
57,43
79,55
53,42
78,59
99,90
92,79
99,89
98,87
75,50
56,33
76,58
83,68
48,33
97,73
59,50
84,59
96,93
67,47
89,89
59,47
80,77
75,53
92,87
66,53
47,28
71,66
40,23
56,28
96,89
48,38
59,37
84,66
71,44
41,33
71,67
84,76
48,33
69,59
59,39
77,55
99,96
40,30
99,80
96,75
44,19
74,71
75,67
40,16
53,45
48,44
69,50
63,37
43,15
89,71
53,42
64,49
43,41
64,40
49,25
74,62
94,93
46,19
81,77
52,52
43,41
89,69
82,82
96,82
75,49
95,82
53,40
57,48
47,28
71,60
66,43
81,59
76,71
62,52
46,27
51,28
64,62
42,27
65,55
43,39
81,66
75,46
54,47
71,59
68,46
49,47
60,39
93,67
55,26
86,68
58,49
68,45
91,88
90,67
57,54
97,75
83,67
96,91
55,30
40,29
87,75
41,41
95,84
54,31
78,64
67,48
40,29
44,33
81,59
61,45
92,86
75,65
85,73
52,50
40,20
55,36
94,78
80,65
61,48
71,49
55,32
90,69
54,41
97,77
85,60
91,88
81,61
92,69
51,29
99,73
40,22
92,93
56,46
80,74
94,83
90,84
96,71
89,82
67,49
46,27
48,29
61,50
65,53
92,80
51,21
46,39
85,74
86,76
54,43
77,61
60,48
53,48
41,40
47,40
84,80
94,90
45,36
76,48
76,60
96,76
72,47
80,73
45,22
91,74
65,58
78,76
80,59
76,55
53,33
76,50
47,37
78,58
52,36
52,25
79,62
82,57
67,39
97,84
57,45
96,72
58,45
77,63
71,50
61,53
41,36
99,97
52,49
62,40
64,43
67,60
97,85
50,26
72,53
63,53
41,34
69,63
56,31
79,71
73,67
77,57
61,46
44,34
87,76
79,65
90,84
55,38
52,27
65,49
70,52
91,86
78,74
87,64
62,53
87,87
51,43
53,37
95,68
57,32
66,49
67,56
57,52
55,41
91,87
55,34
52,32
97,89
68,46
48,36
65,51
67,46
80,72
52,27
75,59
48,25
86,67
53,24
90,82
51,35
92,88
97,87
96,79
71,58
77,76
42,34
97,95
96,93
93,67
91,85
55,36
59,38
71,66
95,78
62,58
56,48
55,41
77,61
47,42
58,50
69,40
96,94
97,84
73,59
53,39
61,49
83,59
56,49
99,89
98,73
54,40
89,79
87,74
71,49
52,35
60,39
88,83
79,56
72,46
96,95
97,86
66,39
74,70
55,51
67,41
73,53
86,71
40,31
80,63
87,61
70,65
75,63
83,63
72,58
72,62
78,61
57,40
62,39
99,89
62,40
54,35
65,55
69,60
64,45
84,76
55,38
78,73
87,72
84,68
53,27
56,33
51,28
68,46
71,52
95,72
63,58
91,69
52,54
95,85
59,33
54,33
95,67
92,80
43,25
93,76
73,53
67,63
89,75
41,38
96,79
86,63
69,60
65,49
90,66
86,71
65,66
59,41
81,67
67,46
95,86
59,37
50,42
97,77
49,32
62,47
76,54
80,60
91,89
58,34
84,59
57,52
88,84
66,57
45,30
49,47
41,15
63,49
77,74
67,45
67,61
92,67
84,64
89,73
78,68
41,33
85,60
44,30
89,82
50,33
49,28
82,64
98,88
41,35
54,30
78,60
80,66
76,52
46,39
59,45
73,64
74,66
73,61
92,76
61,49
70,43
62,45
58,49
43,27
63,50
59,52
78,72
67,62
93,80
78,53
56,42
58,37
93,77
87,73
74,46
71,54
86,70
85,60
86,67
85,58
78,63
96,83
74,64
69,57
56,45
81,61
86,68
68,45
45,39
99,77
56,55
56,38
53,40
63,49
96,74
89,86
96,72
76,72
79,77
78,76
94,67
71,52
75,52
89,67
76,66
87,74
53,40
66,44
98,97
58,48
70,65
85,57
48,19
77,68
56,48
58,34
83,67
43,15
87,83
96,83
50,46
61,57
43,42
56,51
47,24
85,64
98,94
73,50
50,41
70,45
50,37
95,75
93,80
95,94
77,62
92,73
60,43
85,78
69,51
49,24
65,46
66,51
47,35
78,75
47,38
99,79
47,42
94,89
73,66
98,100
55,34
80,59
52,28
62,39
51,36
66,52
61,57
71,66
96,95
88,79
66,42
41,23
84,67
72,64
65,43
67,56
58,43
82,55
44,16
72,65
59,38
69,57
84,83
47,47
77,71
56,56
83,57
40,23
42,27
85,65
65,54
70,50
47,23
82,77
98,83
85,66
47,38
74,65
78,54
67,65
90,68
43,31
96,83
55,49
52,45
59,46
90,85
44,33
94,83
76,71
59,49
63,39
75,51
73,57
97,81
84,65
87,66
93,86
73,66
58,50
56,46
44,20
64,58
57,38
99,91
94,77
92,83
89,79
47,50
66,51
54,49
84,79
52,26
55,42
61,42
59,35
52,31
59,50
41,18
74,50
86,82
94,78
58,53
84,65
76,76
97,94
93,79
45,27
53,43
43,30
61,37
90,90
94,68
78,64
75,73
73,53
66,46
46,37
42,29
86,80
72,52
41,29
81,70
55,40
64,49
99,92
54,46
63,42
54,41
70,60
53,41
93,83
53,43
45,36
53,38
56,47
57,40
59,59
90,76
56,31
55,44
79,71
78,59
91,69
71,63
99,87
83,77
48,31
66,47
85,78
91,86
72,48
49,24
56,39
88,71
88,60
75,54
56,45
57,51
91,78
62,48
73,59
47,28
52,35
62,55
96,69
93,87
59,32
61,37
86,66
91,66
62,56
80,70
74,48
42,17
73,59
72,56
85,66
56,41
84,76
58,54
69,57
62,62
54,38
98,73
96,72
53,28
41,28
78,67
88,62
57,36
45,33
98,74
71,52
60,38
79,62
67,50
66,48
41,15
72,51
55,37
78,59
61,46
95,78
82,74
86,78
52,27
95,74
41,15
53,46
95,90
77,58
80,65
67,65
46,36
57,52
95,79
80,74
94,93
75,57
80,65
75,69
83,71
43,31
96,78
69,60
63,58
59,46
85,87
95,81
70,69
63,46
46,41
65,50
52,24
93,97
47,35
94,82
44,24
83,59
52,42
68,56
59,30
53,49
71,56
99,98
89,79
66,54
95,93
64,63
91,76
43,27
60,35
57,39
78,59
54,50
92,77
77,70
87,62
91,71
63,39
47,41
67,51
60,52
55,49
99,76
93,71
55,42
74,60
56,53
48,40
96,85
74,70
91,63
68,42
78,73
57,35
51,48
58,49
87,75
61,35
98,70
95,71
88,74
91,77
54,30
40,13
41,26
47,35
61,40
64,55
41,37
90,64
48,23
48,27
52,42
45,34
69,63
54,50
90,75
92,74
54,39
89,63
46,36
97,84
50,30
79,60
77,61
79,70
41,32
90,87
87,72
78,68
49,29
83,78
56,45
46,20
93,66
79,77
78,72
43,26
74,67
90,67
86,68
75,56
70,61
64,50
80,68
52,47
57,56
60,40
87,68
40,26
75,55
89,84
47,40
91,85
87,85
60,40
82,68
91,74
92,90
92,82
60,57
66,61
58,38
62,46
90,80
89,67
90,84
82,58
74,55
79,57
91,87
90,80
81,54
87,64
44,33
91,83
80,66
47,33
50,31
55,40
78,66
86,67
63,64
60,52
91,68
62,58
88,72
77,65
86,65
47,24
46,35
41,34
69,57
52,54
62,42
68,39
77,62
76,71
59,42
72,52
68,54
89,68
54,50
62,46
81,68
42,19
76,68
95,74
68,63
84,60
47,47
61,47
92,87
68,45
41,31
80,61
88,73
98,92
89,65
84,69
40,20
83,66
59,38
91,81
60,39
76,53
47,44
66,58
86,79
98,75
74,59
45,23
99,74
84,65
83,60
58,32
57,38
95,91
40,34
64,46
66,55
46,43
83,67
81,56
68,58
70,60
83,77
82,69
75,60
58,52
45,36
64,49
70,50
48,48
59,43
49,34
76,57
66,50
52,28
80,72
41,38
89,68
60,41
72,53
63,36
92,80
83,73
81,59
73,67
99,91
48,34
41,23
94,86
95,73
69,49
61,43
85,61
50,45
94,85
82,75
56,44
75,66
52,45
46,40
55,38
72,50
84,67
40,21
50,51
45,25
59,53
74,71
83,77
76,75
80,60
65,49
97,87
51,40
69,56
67,49
66,59
81,59
58,54
44,17
97,90
44,23
80,82
66,49
67,50
65,60
66,60
91,74
88,71
81,77
60,34
40,39
93,85
67,64
87,87
97,91
97,73
54,34
94,70
56,42
65,55
59,45
64,49
52,37
72,55
64,38
47,35
44,41
45,43
62,46
91,69
69,37
53,31
93,90
62,33
50,44
70,62
45,41
50,38
52,45
51,34
93,72
41,29
92,83
74,61
94,75
75,63
56,36
67,62
67,49
61,46
77,69
46,35
54,38
71,62
50,30
63,52
42,16
69,66
45,20
97,86
41,38
53,30
80,71
57,49
90,79
83,69
70,56
52,47
65,41
83,58
51,38
57,52
48,25
88,62
60,60
87,63
88,72
92,84
95,74
79,61
82,77
63,36
73,65
47,23
83,60
92,83
72,56
62,37
52,43
93,76
92,83
88,63
53,39
53,48
55,53
88,84
77,63
97,73
99,99
78,52
65,58
65,50
40,18
71,62
96,87
54,53
91,87
60,37
57,31
69,63
99,81
97,95
52,45
63,48
69,47
41,31
58,43
86,82
83,80
86,76
64,57
89,64
53,35
45,24
51,30
59,38
62,45
69,44
69,53
77,53
97,84
69,47
80,76
69,57
96,71
97,74
75,54
88,84
73,62
55,35
63,62
53,30
65,47
47,25
53,40
70,56
41,38
87,86
43,38
40,17
94,75
59,48
98,87
53,32
79,68
64,42
99,96
64,42
42,18
44,41
77,54
93,67
65,57
79,65
77,62
77,56
43,39
46,38
69,65
69,68
95,82
58,44
78,67
74,53
79,61
72,53
72,61
53,49
77,61
49,38
96,76
67,47
53,32
75,71
77,69
55,53
99,100
60,49
67,48
72,45
45,40
80,71
54,34
83,76
42,29
82,71
86,69
74,58
53,43
41,17
68,41
43,27
65,45
90,65
51,31
41,14
56,33
74,60
49,34
87,82
61,40
80,66
82,76
60,46
54,31
74,57
87,65
60,38
60,46
60,53
99,97
83,63
71,55
94,79
44,26
78,55
48,37
92,78
57,45
60,45
47,34
83,66
91,79
73,63
49,32
90,64
80,78
96,69
63,46
79,54
63,51
95,78
71,54
95,80
72,67
77,48
83,61
96,83
95,82
90,78
98,78
88,70
73,48
50,26
70,46
57,42
62,46
99,91
61,47
82,61
57,31
79,71
86,66
80,52
86,71
78,60
59,32
52,33
84,56
40,32
91,76
43,40
63,60
75,54
75,59
84,74
41,29
67,61
65,50
62,36
54,41
75,60
66,56
45,23
74,63
78,54
77,64
74,64
75,58
49,38
69,60
92,79
80,57
77,69
68,51
91,86
98,90
82,57
78,61
89,71
43,30
44,34
43,34
75,58
98,85
84,55
55,51
64,53
53,51
50,31
68,44
73,48
61,41
53,40
95,72
63,41
98,78
78,70
65,41
82,78
75,70
78,61
55,33
97,71
77,51
98,72
71,69
45,21
73,61
95,76
47,30
69,59
66,45
46,39
66,53
64,43
95,85
85,70
80,56
54,52
64,65
61,39
57,48
51,47
62,41
90,72
84,61
78,74
64,38
49,42
69,60
49,35
73,52
85,61
52,32
93,95
68,53
77,54
80,70
84,78
48,42
52,33
76,75
53,26
76,58
48,29
47,29
78,70
79,67
93,93
42,21
94,74
95,82
86,65
79,75
72,55
71,54
46,26
58,48
73,49
53,49
89,64
86,81
85,64
95,82
96,74
58,32
90,83
93,68
98,90
65,44
56,51
93,86
67,62
58,48
66,56
87,79
91,74
96,82
58,32
72,46
90,88
46,35
68,56
94,74
82,67
44,23
69,67
88,86
82,70
95,68
97,91
47,42
81,62
51,44
81,67
52,35
65,46
57,31
81,59
90,71
91,74
88,80
59,49
55,39
76,67
42,38
66,47
54,41
97,75
73,53
84,81
61,37
79,77
62,36
98,95
88,65
43,18
90,80
93,81
96,73
80,74
62,57
86,64
99,97
48,42
63,48
60,46
80,79
85,83
94,70
92,73
55,56
95,71
94,76
64,49
65,43
88,67
84,63
48,18
54,43
78,72
72,57
40,25
44,15
95,88
48,24
83,81
45,40
67,60
84,73
65,52
67,53
79,65
54,30
45,39
66,43
77,59
43,38
50,44
60,44
69,53
57,37
74,52
42,30
51,22
66,51
92,82
69,63
60,58
77,58
60,38
99,80
77,70
79,72
54,48
57,36
91,73
68,51
87,63
77,74
99,98
60,45
56,45
80,74
90,81
57,30
96,77
94,86
76,58
99,99
77,69
51,47
50,42
87,73
91,71
88,68
59,47
48,31
40,31
97,86
42,27
60,32
62,41
48,33
93,75
58,57
84,59
94,87
85,72
91,78
58,46
62,47
66,58
66,63
78,56
75,62
51,23
94,73
66,46
85,80
73,59
72,60
67,41
70,61
71,51
89,82
59,55
79,64
74,61
70,44
97,81
70,64
77,53
61,55
84,72
80,65
48,44
91,70
48,34
54,41
52,43
61,48
55,46
71,47
41,37
65,56
53,40
98,96
77,63
73,58
47,36
75,61
60,39
95,90
85,79
82,58
95,89
67,64
85,78
83,79
87,72
45,26
59,52
70,49
72,66
83,59
46,28
47,39
48,31
41,33
56,57
91,83
84,69
76,71
81,62
83,58
56,46
92,93
77,48
74,68
99,97
86,82
78,57
69,55
45,37
43,35
90,72
76,51
74,50
97,82
96,84
48,46
45,34
52,55
98,95
61,40
67,42
69,45
91,80
75,60
41,21
97,95
75,72
47,35
84,58
81,59
89,77
48,23
40,26
52,39
89,79
54,39
71,61
73,47
82,63
70,61
53,51
93,68
86,66
53,29
87,78
94,94
68,56
86,68
58,50
66,62
48,31
76,73
76,57
82,60
67,56
91,88
96,84
63,48
67,41
75,65
91,74
57,38
64,40
74,49
43,30
53,29
78,57
65,58
47,40
63,60
55,41
59,34
54,46
46,24
97,79
56,52
61,36
61,52
93,84
51,50
57,47
95,81
85,70
86,77
54,49
76,70
55,28
44,36
41,34
91,80
67,51
96,95
80,60
93,78
66,65
70,57
80,75
75,69
86,62
82,63
40,11
89,91
68,58
40,15
47,24
96,80
55,36
97,83
67,49
61,41
57,33
61,52
80,52
51,31
58,38
64,45
89,79
98,78
44,24
98,72
73,52
78,50
98,83
49,32
86,84
96,95
46,43
99,82
76,54
86,59
91,78
99,79
91,87
54,53
81,65
63,48
65,61
65,41
85,75
65,44
97,79
49,29
56,44
92,85
53,40
41,36
87,72
52,36
66,51
48,38
46,28
87,59
49,30
95,88
93,87
48,27
61,51
62,59
46,23
87,71
48,33
66,38
63,45
68,67
56,49
59,44
46,22
82,79
79,74
46,26
67,49
58,33
59,53
83,53
78,69
79,65
46,37
45,28
64,56
80,64
98,83
52,50
78,77
79,79
61,49
88,77
56,40
87,83
61,53
73,66
47,42
88,76
84,75
57,40
63,45
99,73
93,84
99,84
81,71
41,23
41,24
66,64
53,38
87,74
78,58
92,78
92,88
95,76
51,48
71,59
67,46
94,84
67,61
85,76
64,49
43,30
65,47
75,70
89,69
42,35
40,20
56,55
46,19
87,74
44,42
58,34
78,59
85,67
73,70
74,61
88,76
55,44
79,50
89,68
86,87
78,60
66,47
80,55
77,73
89,87
89,66
64,56
65,59
95,83
53,26
53,41
53,45
64,63
75,50
43,15
86,79
54,49
71,63
57,42
53,32
97,84
40,26
81,62
59,33
49,28
49,36
98,73
63,37
73,53
67,48
66,48
79,54
40,12
72,46
43,24
46,26
48,42
55,28
44,20
73,61
99,80
62,62
82,59
89,74
64,59
96,68
90,66
52,43
63,44
50,34
91,62
90,77
56,44
76,69
52,35
66,50
59,50
72,54
81,59
71,60
47,25
95,94
68,53
79,59
58,53
45,29
83,73
99,87
78,72
87,82
80,60
60,38
96,89
61,45
81,57
49,27
49,31
91,86
68,45
55,30
40,28
56,43
69,43
65,52
92,68
85,73
58,56
92,78
60,49
56,52
85,62
79,59
60,60
92,71
80,68
79,68
84,63
88,77
58,43
99,77
46,28
56,47
40,34
76,64
96,88
45,21
65,53
41,34
98,83
71,67
96,75
87,88
93,87
44,32
76,50
70,50
51,38
74,57
69,64
87,71
45,19
54,38
54,52
55,27
59,32
52,45
83,61
81,57
85,83
70,48
73,50
68,61
42,29
48,37
50,39
50,39
64,54
61,46
81,78
97,83
85,64
48,26
59,41
98,76
60,35
49,39
61,39
68,54
48,28
44,30
79,81
50,24
40,32
92,87
81,66
40,13
97,76
93,68
78,57
99,98
85,69
44,34
88,68
61,47
65,60
92,83
45,25
71,50
87,87
50,22
49,22
86,62
78,72
94,66
73,71
70,53
51,32
90,65
83,65
55,50
77,66
42,29
41,13
91,66
44,32
50,26
97,75
64,46
74,62
74,69
61,43
76,74
61,43
94,86
50,24
71,67
74,71
70,48
84,64
92,88
47,39
59,35
81,67
73,65
43,27
57,32
90,89
43,30
59,37
97,91
48,26
55,32
65,34
77,51
64,56
43,26
80,73
98,80
84,69
80,73
77,55
92,82
58,32
53,41
60,55
54,43
42,20
76,50
92,90
89,82
85,85
55,49
53,24
48,25
86,76
46,33
53,48
45,21
60,58
54,40
91,67
47,35
73,68
79,66
40,16
71,57
97,73
88,64
90,77
44,46
69,50
61,50
59,51
55,43
46,40
46,30
89,63
89,82
41,20
86,73
53,32
70,67
89,69
80,67
53,44
44,29
50,38
79,52
44,25
68,46
50,42
44,24
88,70
93,78
71,51
75,61
54,38
58,34
61,42
73,68
95,87
56,53
51,39
64,45
95,89
56,53
49,39
67,59
96,81
57,40
90,64
57,53
84,56
71,44
53,41
95,91
55,46
89,65
97,76
57,50
55,45
56,55
46,33
51,37
73,63
49,24
44,37
60,39
42,41
58,46
84,78
83,69
74,71
45,28
53,45
43,20
84,81
90,85
57,42
68,46
74,60
91,82
77,55
55,44
59,47
63,41
74,48
83,62
90,64
58,40
95,70
43,39
72,63
41,32
52,37
97,75
84,72
69,63
73,64
69,69
90,63
93,65
63,44
87,65
83,81
72,45
80,59
88,67
49,34
57,46
58,35
46,22
96,72
58,47
63,55
54,47
80,55
81,74
62,49
91,68
91,72
43,32
77,51
43,34
44,33
80,56
83,54
62,33
79,78
92,77
76,62
50,51
94,78
50,46
52,50
53,47
99,74
47,47
64,52
57,54
90,69
83,64
83,69
57,58
49,37
46,26
99,80
89,64
83,78
53,35
54,36
55,55
41,36
69,46
69,51
57,30
70,68
83,69
87,78
52,51
59,55
88,72
89,71
74,69
62,38
81,61
72,49
77,67
74,56
90,68
75,60
59,34
94,83
42,37
47,42
79,62
98,80
71,46
68,47
46,46
41,13
60,55
45,42
67,51
87,81
81,75
75,59
71,62
84,65
81,51
92,73
85,68
48,28
50,39
62,55
89,76
50,24
88,81
41,24
42,29
50,37
89,74
98,84
74,64
97,90
54,46
82,79
50,48
70,65
67,46
67,39
71,49
64,39
59,40
67,60
64,43
50,25
58,45
67,64
40,20
98,87
44,23
49,23
81,67
85,74
73,64
75,66
41,29
57,42
52,37
90,82
44,35
59,46
41,40
50,34
69,52
71,52
71,50
97,91
89,64
77,67
94,85
67,53
49,35
61,41
94,81
56,52
61,39
82,72
58,55
56,49
63,60
75,69
71,63
97,94
95,86
97,75
85,66
98,97
91,71
75,59
67,54
53,34
97,77
75,60
45,16
48,30
60,42
51,36
97,77
69,58
70,58
79,60
95,87
43,30
70,59
66,42
97,70
96,82
64,56
44,24
45,27
44,33
90,75
66,45
47,45
48,30
54,29
75,50
96,95
80,63
46,24
71,63
47,41
86,69
90,81
54,40
76,66
58,40
78,63
45,21
98,81
58,47
96,69
67,47
56,44
81,78
58,36
70,60
50,43
54,30
49,43
82,75
62,46
42,29
42,33
57,51
64,58
82,81
59,49
97,84
68,47
61,38
89,78
96,77
54,29
78,76
49,41
60,51
94,70
91,63
68,46
71,53
49,25
52,26
86,74
62,57
89,80
62,45
70,56
43,19
91,86
88,70
99,85
42,16
60,47
92,65
41,23
43,29
40,36
54,49
96,85
72,56
45,39
46,40
58,33
83,67
40,19
78,74
58,47
84,77
65,52
83,76
51,42
61,56
52,30
67,47
53,34
61,48
69,42
83,74
59,58
83,75
66,54
77,62
98,88
81,64
91,81
95,69
80,51
73,52
78,58
80,55
96,86
83,62
76,60
40,15
93,82
54,52
71,57
47,34
72,55
57,39
84,73
68,64
71,67
72,67
44,36
57,52
87,85
97,91
49,42
75,74
72,65
62,36
79,63
44,29
73,60
63,50
56,40
70,48
46,33
56,51
67,64
77,70
61,49
54,33
76,69
54,41
89,79
89,81
64,57
92,73
60,49
94,64
77,49
41,31
66,61
88,81
71,59
60,54
43,18
83,80
58,43
41,39
65,39
73,51
53,49
54,27
59,51
73,64
75,51
58,56
48,46
46,28
69,57
52,28
66,65
83,71
74,54
52,44
54,52
85,71
95,74
48,38
84,75
62,43
93,90
75,69
92,67
79,52
42,27
73,63
58,41
67,67
62,47
79,61
88,82
84,75
46,37
80,68
51,37
53,49
85,73
54,32
42,23
54,43
90,70
63,53
91,81
85,84
47,38
44,40
90,88
43,32
53,31
55,35
59,34
63,49
45,28
94,91
96,90
70,55
45,27
74,67
54,41
68,53
42,15
50,26
42,22
67,48
49,19
89,78
72,53
87,61
55,30
98,70
49,42
72,67
75,51
42,35
44,38
51,44
96,86
83,68
52,25
63,59
83,74
96,73
71,61
55,32
71,41
84,72
76,51
95,72
75,60
60,46
86,77
51,23
90,82
60,37
99,80
90,87
60,41
82,67
92,81
45,30
48,19
40,39
51,34
97,93
53,43
45,21
40,17
61,40
73,68
95,74
50,45
42,38
81,76
45,38
45,18
59,54
60,42
41,31
65,42
70,44
65,54
95,83
71,64
49,38
62,57
97,83
45,34
62,39
67,56
88,76
69,49
53,41
76,69
94,93
71,44
88,73
73,56
80,70
83,56
90,77
61,40
70,47
46,40
80,62
60,57
55,26
59,47
82,59
83,78
86,77
89,67
58,49
87,80
71,54
54,30
44,29
50,31
54,42
68,39
89,70
84,69
43,18
88,89
75,56
87,78
62,44
54,36
85,76
83,79
42,12
71,48
49,46
79,54
77,69
61,56
53,26
56,39
60,48
90,92
87,81
54,46
97,89
54,51
40,16
63,40
94,90
94,83
51,46
49,32
85,82
81,63
81,59
91,89
70,55
50,29
93,68
55,32
48,44
86,75
53,33
58,49
70,47
48,35
75,67
92,77
78,65
93,86
65,40
47,37
63,57
47,23
58,42
86,73
87,88
69,53
97,72
61,47
94,81
48,30
97,68
97,83
83,73
87,67
43,45
76,61
47,43
40,37
67,54
45,29
86,59
75,67
92,73
50,29
44,29
89,67
63,51
86,80
57,48
59,42
67,57
52,31
44,38
69,55
40,16
61,53
57,51
85,72
44,33
70,62
45,30
66,63
95,84
64,49
68,66
67,44
55,30
93,88
92,79
51,41
59,55
57,47
73,72
94,83
92,79
62,56
84,65
66,53
88,73
56,57
87,66
60,52
89,80
79,75
70,57
42,13
56,28
89,85
97,86
65,54
62,36
45,37
67,57
47,25
94,89
97,71
84,56
47,36
58,28
77,66
68,41
62,49
86,71
71,65
49,37
66,41
88,74
40,31
78,57
68,58
98,82
84,74
42,21
90,81
86,87
76,53
70,56
50,35
61,47
57,48
74,52
45,19
42,27
44,22
48,41
67,58
58,49
67,43
66,43
52,27
77,61
82,63
92,77
60,39
66,45
85,77
45,34
77,51
88,82
50,23
86,62
80,60
92,75
56,43
95,82
78,65
46,39
69,50
60,43
40,19
64,49
71,64
98,92
96,93
47,39
44,20
69,61
90,77
47,42
88,72
58,46
83,83
98,84
94,83
69,45
54,31
75,62
94,84
83,76
66,42
52,46
53,38
76,69
93,88
87,70
69,61
78,66
86,63
52,46
97,95
55,41
83,62
46,31
87,81
94,76
94,70
66,51
84,69
94,69
74,71
54,34
67,51
74,60
46,43
89,74
85,62
89,80
90,67
85,65
59,47
71,63
77,57
79,82
71,60
65,38
97,78
78,54
59,59
57,55
89,84
54,32
91,75
61,40
90,85
61,56
92,67
60,56
41,38
79,79
92,81
82,80
57,57
62,38
52,36
80,58
48,28
88,74
46,32
80,68
93,83
40,33
41,15
43,16
53,48
71,45
75,60
41,16
79,61
89,67
90,70
53,40
59,49
64,63
81,63
88,82
47,33
67,41
85,83
60,53
62,53
71,66
47,25
70,44
76,66
55,34
79,67
81,74
66,52
79,64
80,71
57,39
74,66
88,78
91,75
54,37
92,71
66,47
56,37
79,63
41,26
88,71
89,80
70,54
76,57
80,75
80,67
73,57
73,52
90,78
94,72
98,78
42,30
56,40
53,35
53,41
85,61
77,69
74,55
40,24
87,72
68,52
43,26
72,66
56,45
67,47
89,68
65,49
47,37
73,61
98,97
57,38
70,69
98,79
66,45
55,29
97,86
49,29
79,72
51,37
61,51
55,39
51,24
50,47
59,52
90,75
40,18
66,44
42,37
51,37
69,50
48,34
92,68
93,76
76,53
40,16
81,70
88,62
43,33
54,40
90,85
66,43
47,40
99,83
99,86
62,54
54,32
66,40
70,45
78,56
86,71
47,38
69,45
97,93
94,73
81,63
57,54
43,18
86,65
82,64
61,35
42,31
54,26
74,46
86,65
77,72
72,59
53,39
87,85
40,35
92,67
88,78
65,64
47,34
89,70
55,42
77,61
49,45
81,66
76,56
65,63
67,44
51,46
59,34
88,85
53,46
85,84
74,74
68,41
51,30
91,82
57,30
83,59
41,17
41,26
98,94
56,46
49,26
57,54
61,42
58,42
97,80
92,85
40,26
63,52
75,60
64,40
75,68
70,49
70,59
41,32
58,47
92,77
51,36
49,38
70,50
84,77
61,59
62,37
91,72
62,41
54,34
65,54
42,21
62,50
59,49
84,71
79,64
96,90
78,57
95,84
47,36
57,34
80,70
45,39
66,42
75,69
54,44
76,54
97,87
44,28
78,70
48,44
46,23
80,61
59,43
49,22
65,47
43,31
77,71
63,59
53,37
80,58
40,24
56,52
84,74
63,60
66,59
46,20
48,33
82,80
74,67
97,90
51,29
60,44
42,37
54,45
60,50
49,44
72,59
85,60
98,78
91,73
45,20
41,26
68,42
94,71
79,57
72,55
43,29
98,96
43,23
68,42
76,54
99,83
99,91
59,42
80,65
62,60
84,77
57,41
88,67
64,53
40,21
93,82
54,52
73,60
87,71
59,45
93,82
76,57
66,63
61,41
90,84
44,24
73,63
78,79
42,20
56,50
63,43
63,56
42,21
84,76
46,34
64,42
95,78
42,28
54,39
68,56
89,63
68,38
49,29
71,67
62,57
78,63
48,38
76,68
91,82
79,70
53,32
43,43
59,49
67,49
53,36
83,69
73,57
52,47
70,69
72,65
91,84
78,66
67,60
64,44
71,61
48,30
67,39
97,85
70,58
56,53
92,86
62,55
52,32
94,94
49,41
55,43
45,25
87,64
50,37
97,79
91,62
42,21
67,49
80,77
54,50
99,79
52,35
81,66
91,74
95,77
84,72
56,48
46,42
67,59
77,66
52,27
99,75
56,31
54,51
75,74
67,63
54,31
85,79
92,77
50,26
95,69
70,56
43,18
74,55
73,45
91,74
66,56
49,34
69,44
84,73
59,38
68,64
97,75
92,84
68,62
62,41
96,81
89,66
60,45
87,84
82,60
49,26
80,64
51,32
69,48
90,83
72,62
57,55
53,36
61,52
60,35
40,21
88,67
82,71
91,87
99,70
54,43
75,69
86,75
93,85
61,56
71,55
97,78
85,71
93,68
72,60
97,95
80,51
98,84
78,68
62,54
82,79
94,83
41,28
41,31
77,50
94,79
90,64
68,53
91,81
85,70
99,85
42,20
78,60
46,36
75,49
68,56
94,79
76,53
88,70
97,74
75,60
62,32
84,59
55,48
87,74
70,46
73,63
89,87
40,29
57,51
97,81
79,70
82,75
95,75
95,85
54,28
87,84
88,76
56,43
83,73
49,33
59,45
45,38
47,39
84,67
73,53
71,50
90,80
93,80
81,60
43,23
83,80
89,83
78,72
59,46
63,45
63,42
94,78
65,43
64,55
75,67
46,28
49,48
97,81
86,84
51,41
40,31
91,83
89,70
64,57
55,45
44,37
58,33
43,28
45,16
65,60
88,81
78,54
95,94
94,74
78,76
48,19
84,83
91,73
53,52
87,81
94,84
48,35
54,53
76,55
89,66
92,87
59,43
47,39
71,68
86,81
60,45
96,75
80,64
58,54
68,45
97,75
70,64
93,81
45,39
43,38
82,72
68,67
81,66
42,32
40,17
83,59
94,70
54,41
86,62
60,38
85,81
97,88
70,46
46,25
56,48
95,81
58,49
78,72
99,96
42,17
69,48
74,69
97,85
96,85
68,64
89,79
91,74
93,69
53,44
74,50
67,48
97,77
69,46
65,51
46,23
78,56
70,47
44,42
74,64
89,80
86,73
91,80
53,34
75,69
66,54
63,56
79,66
68,53
92,89
84,70
61,59
47,41
54,28
88,75
44,34
91,68
43,32
50,44
57,35
81,74
88,64
69,57
54,46
45,36
94,85
92,71
55,49
86,71
79,76
48,26
82,74
98,78
73,59
66,55
52,51
75,57
66,63
48,37
44,41
90,67
61,56
70,51
42,26
69,56
60,48
74,52
45,42
67,41
71,64
81,57
76,72
64,52
71,67
74,61
61,51
63,42
78,71
93,74
69,62
89,76
71,50
70,42
62,55
79,60
72,52
64,36
75,53
63,54
70,47
97,70
78,62
85,82
52,26
49,25
62,55
57,34
71,51
72,63
75,54
67,62
55,43
55,34
57,56
47,24
81,65
55,31
94,72
95,90
50,43
45,23
40,18
51,44
96,84
77,62
67,56
84,87
97,89
56,55
40,18
71,46
47,42
93,72
79,75
95,79
82,78
85,81
63,63
49,35
86,63
78,59
78,76
49,33
75,62
64,58
99,82
89,73
98,75
96,71
49,30
58,58
85,80
84,65
54,51
55,44
41,23
68,56
43,25
92,89
89,75
68,60
70,64
56,40
49,37
66,42
92,78
80,72
54,44
99,89
83,77
70,62
60,46
99,94
98,80
97,83
80,74
85,85
84,61
99,85
65,58
77,52
90,69
75,78
91,82
56,47
90,79
42,21
53,33
88,65
52,35
80,63
66,50
40,18
96,88
56,35
87,82
89,87
73,59
53,56
93,86
94,70
98,90
56,28
42,21
73,64
79,61
64,54
41,20
73,49
65,65
70,61
48,40
69,49
59,52
60,38
68,51
98,76
64,42
77,68
97,77
83,65
64,63
48,35
78,71
83,64
65,53
96,87
76,71
55,43
76,54
51,44
63,45
65,42
59,38
48,36
62,43
78,67
68,58
70,64
58,51
59,57
62,40
82,68
66,58
69,63
60,56
83,60
74,68
88,82
46,33
61,47
49,32
62,39
54,41
69,61
73,63
52,27
99,88
43,35
57,48
95,95
62,48
72,45
73,49
73,57
75,61
74,75
56,26
67,47
53,37
73,55
87,73
50,30
96,80
52,24
72,66
96,77
94,86
41,13
73,52
92,80
68,44
76,68
43,23
51,36
65,58
97,91
67,48
42,40
59,33
49,46
91,87
57,39
92,70
92,67
92,68
66,61
70,51
66,43
81,70
40,34
45,33
50,46
73,60
78,73
59,47
92,67
60,37
60,44
57,55
60,52
58,42
43,28
52,31
57,42
91,71
68,54
64,42
95,68
52,27
66,59
99,77
58,43
88,73
40,31
77,55
58,49
91,65
40,30
79,75
56,43
60,49
61,44
54,35
89,88
78,65
87,82
78,76
71,54
88,90
43,23
83,79
84,65
71,59
43,28
92,79
40,11
72,61
46,36
48,22
40,20
55,45
57,32
93,68
86,55
45,38
41,23
48,33
43,22
84,60
62,58
93,84
82,67
84,79
82,61
90,80
47,27
78,72
64,61
55,25
74,67
56,33
57,46
99,73
66,54
54,44
99,74
56,31
82,73
44,34
55,36
54,27
81,66
85,66
73,64
87,82
58,34
47,38
86,79
49,35
44,33
91,65
87,69
92,66
65,45
61,37
83,71
62,59
52,32
48,40
88,73
59,48
67,52
83,79
96,85
76,72
63,39
83,72
72,51
59,36
99,89
87,82
69,51
83,75
48,44
84,72
88,66
56,41
75,59
53,31
58,54
46,23
98,75
42,21
72,69
83,56
71,60
86,79
50,47
81,72
41,31
65,45
43,40
56,46
56,38
67,64
69,46
79,58
62,37
85,62
63,49
68,53
43,30
77,59
68,40
58,37
66,41
68,56
95,81
75,66
74,71
91,64
45,31
98,72
62,57
78,67
85,76
83,68
87,78
91,68
47,25
94,86
41,15
52,28
79,58
96,72
60,45
70,59
91,78
87,84
75,56
87,62
91,78
77,62
66,54
75,57
87,61
62,49
94,71
60,55
52,44
76,68
86,60
65,45
79,72
46,41
85,73
78,57
61,55
78,53
62,53
97,87
69,61
57,38
81,60
57,49
85,64
49,23
78,72
69,71
65,59
46,38
46,24
44,18
40,33
85,81
57,30
52,32
64,50
79,73
47,38
49,28
71,57
56,41
77,52
54,26
54,28
96,74
87,81
79,81
90,61
59,38
54,29
74,57
45,21
69,57
96,94
47,39
70,59
87,64
86,83
71,53
84,70
97,92
91,92
54,47
57,51
52,45
63,34
79,50
53,45
67,54
50,52
45,20
95,93
64,53
40,35
64,48
41,18
71,43
52,36
72,51
71,65
95,81
63,45
66,46
43,32
63,60
62,33
68,45
73,54
60,46
69,49
65,38
59,53
55,30
42,24
88,69
76,57
97,94
79,77
83,79
64,50
62,52
83,64
98,86
40,33
72,47
54,31
56,42
73,54
56,33
91,61
97,78
80,55
83,59
43,20
52,43
43,19
46,17
85,73
98,72
48,39
62,44
72,52
72,58
59,45
43,36
40,22
93,86
81,68
73,47
66,40
60,58
63,53
54,46
74,66
64,49
94,77
48,36
56,55
60,49
99,76
52,45
42,28
43,25
43,27
82,67
67,44
46,18
65,37
50,43
63,43
82,66
49,34
76,77
52,31
83,80
81,71
78,69
58,34
90,69
58,44
51,30
91,73
61,52
86,81
76,52
95,77
69,44
85,62
51,44
68,51
60,48
50,30
99,82
76,61
87,72
97,78
57,53
83,78
98,79
66,56
76,58
87,72
51,37
62,56
73,59
77,54
62,47
92,84
64,50
43,27
69,67
69,48
52,42
81,55
88,73
53,46
95,81
86,82
47,35
94,92
63,59
57,35
74,65
64,53
56,45
71,61
95,74
63,60
46,23
52,25
66,45
87,68
44,21
75,65
65,45
81,58
84,76
70,57
49,46
85,68
65,40
61,45
51,31
71,50
66,43
72,50
92,80
91,90
59,38
78,73
80,78
79,54
98,92
52,39
53,41
83,71
79,65
92,87
61,47
57,42
87,62
68,54
82,71
55,42
85,64
74,70
92,77
73,62
42,28
43,36
93,92
44,18
49,37
91,81
68,57
71,61
70,62
41,27
51,26
66,48
44,18
76,66
66,59
62,41
72,64
43,40
98,84
60,51
63,49
83,67
70,70
83,75
87,80
63,35
88,65
92,86
49,45
88,69
88,86
89,75
41,39
70,59
64,42
43,42
90,70
50,48
56,49
83,78
41,34
45,18
48,33
44,20
59,35
68,46
60,42
48,23
67,51
94,75
47,27
70,48
59,45
66,40
47,42
93,90
60,45
67,55
62,45
45,20
42,15
44,28
48,25
46,39
99,96
43,24
78,63
44,19
50,31
54,35
73,65
52,41
93,65
87,83
46,22
79,68
45,40
95,92
78,54
89,90
69,57
61,47
64,43
67,50
93,91
59,34
78,54
42,26
44,34
40,18
54,38
65,57
42,34
79,68
96,92
80,77
86,71
81,67
73,59
91,91
44,29
70,48
90,90
52,48
82,77
40,20
61,42
54,37
65,52
57,33
87,72
48,34
40,33
82,71
48,25
62,55
82,76
84,76
97,81
41,35
53,35
77,74
79,66
57,31
55,54
92,79
68,58
83,66
50,36
45,44
42,26
53,37
99,82
41,18
71,66
70,60
50,32
61,51
42,18
89,82
70,66
72,69
63,59
40,26
83,63
54,52
76,66
66,51
77,54
87,77
66,45
83,77
51,32
42,15
69,62
71,55
62,59
41,32
46,21
73,56
71,55
92,74
78,74
71,56
82,58
82,64
53,49
42,31
85,64
71,63
82,66
75,73
56,38
87,70
42,27
96,72
49,21
92,85
86,62
79,73
57,32
42,30
78,64
49,25
91,82
48,41
85,71
94,79
85,59
50,45
99,84
72,62
75,65
65,43
66,39
77,70
61,54
65,55
61,55
44,25
74,52
41,31
74,68
48,19
90,87
90,71
88,74
57,35
82,69
51,24
42,29
57,34
95,93
77,52
46,37
72,49
45,38
57,44
84,75
61,44
90,84
78,65
90,75
48,29
74,67
62,50
51,38
91,66
63,42
89,76
79,64
48,26
52,31
79,63
93,77
81,61
56,33
46,39
56,52
94,82
89,73
63,37
41,16
74,59
67,59
58,56
72,59
60,46
92,80
49,30
92,78
85,81
84,57
48,24
77,66
45,31
90,73
92,66
81,78
94,66
74,57
57,50
92,77
58,54
44,30
64,43
50,34
49,26
56,36
75,69
65,39
70,44
71,56
60,47
57,56
99,73
57,48
40,24
53,49
47,41
41,24
90,72
54,45
99,92
73,68
75,62
40,36
90,77
60,40
81,69
40,38
71,50
59,33
93,69
86,63
75,59
78,54
69,65
46,41
61,41
96,94
89,80
84,74
49,33
95,78
47,21
66,49
49,43
53,40
85,77
98,84
91,74
93,78
50,21
45,34
60,54
72,47
58,36
78,53
63,45
57,52
74,66
91,79
82,63
76,72
58,33
92,70
63,47
95,73
73,50
61,48
43,33
96,72
49,31
41,32
47,34
72,41
98,91
77,61
82,75
98,80
67,57
49,46
84,71
40,21
73,69
42,37
48,32
44,26
81,74
49,34
51,24
57,53
97,74
60,37
60,31
40,29
42,21
44,37
64,37
97,73
88,87
47,45
56,32
48,35
71,52
45,27
88,65
79,64
60,30
46,22
46,35
86,72
78,55
93,71
66,60
47,19
48,25
67,55
54,41
41,17
46,36
86,71
57,35
61,48
89,82
49,48
93,86
89,69
72,50
46,22
42,25
53,33
83,71
85,70
75,71
52,28
55,44
55,46
93,76
44,29
91,84
64,47
77,70
77,73
89,63
77,68
78,74
95,82
95,77
87,77
80,71
65,39
98,77
52,25
83,63
90,80
65,62
94,75
94,88
40,31
47,36
43,21
60,50
61,40
90,81
92,75
97,76
76,66
88,59
42,26
58,33
40,19
68,49
62,50
72,56
94,74
91,72
80,53
62,60
44,35
46,22
96,80
97,88
45,39
88,63
61,44
88,72
52,33
51,39
43,45
47,23
76,63
70,63
76,63
84,64
65,62
82,64
47,28
79,60
72,70
84,70
68,60
44,33
67,46
92,88
79,78
56,47
94,75
62,51
84,61
48,29
41,36
71,44
90,75
91,63
88,85
70,46
46,44
69,55
97,76
42,25
90,74
90,79
95,75
48,28
49,44
85,72
89,72
97,94
86,79
65,64
40,35
69,54
96,90
77,52
54,50
64,58
45,33
57,38
40,17
95,90
42,32
56,46
87,76
47,45
99,81
88,66
79,59
56,54
64,59
80,55
51,36
68,66
64,47
90,89
75,50
92,69
93,94
64,54
68,60
50,22
99,84
43,34
53,40
85,78
77,56
56,45
41,23
47,45
75,50
49,37
46,29
75,44
55,38
53,24
55,43
64,39
80,70
43,37
68,47
95,85
45,32
40,24
78,60
40,20
90,66
79,74
96,70
42,25
40,25
40,20
78,59
60,33
84,81
69,51
71,64
72,58
87,78
61,43
69,64
93,85
85,73
43,32
62,46
94,85
83,64
64,50
51,29
56,53
92,83
54,36
49,37
74,57
94,75
91,84
91,74
68,40
51,37
40,11
40,28
49,40
57,47
86,65
41,22
88,66
47,19
61,43
61,41
65,56
65,42
48,45
60,46
70,51
91,74
82,67
45,21
95,73
53,39
72,69
46,24
63,36
48,38
50,29
95,72
62,48
87,71
90,61
41,29
54,31
74,56
75,62
91,78
93,83
67,65
78,65
83,59
43,26
49,32
45,27
96,89
69,57
93,77
85,65
74,63
88,78
82,74
49,41
97,90
92,88
71,47
81,66
81,75
42,29
95,80
65,59
54,34
56,47
66,53
57,50
90,72
58,54
51,28
63,59
44,40
63,55
66,49
87,70
69,57
54,39
86,75
98,87
77,70
83,76
73,68
66,53
59,48
80,63
71,47
43,38
44,43
92,90
97,95
47,24
61,35
81,75
46,37
61,46
85,80
69,55
76,71
55,32
54,51
44,43
42,23
62,37
49,40
44,24
62,60
54,44
57,34
64,51
47,39
70,57
60,36
41,16
61,52
47,25
62,51
71,56
47,27
43,33
69,60
58,39
62,41
57,35
92,67
68,39
62,51
72,56
91,93
86,68
57,49
93,88
83,72
72,44
46,41
90,69
67,66
40,20
95,92
78,53
73,50
78,70
58,51
70,45
52,25
96,75
63,45
44,29
62,43
58,38
40,16
72,61
98,95
89,65
95,85
72,66
71,61
98,79
67,59
76,52
80,56
51,37
48,29
89,84
94,87
50,36
72,56
58,34
93,77
96,80
81,59
73,68
46,26
70,57
91,72
41,36
58,51
77,76
71,51
49,28
80,69
47,30
65,56
69,64
50,33
80,67
59,45
99,84
59,40
48,33
47,31
99,81
54,38
73,48
63,39
72,71
80,55
80,70
84,65
79,65
66,49
60,49
44,35
74,62
60,48
43,18
88,70
87,83
55,29
96,79
70,49
65,49
91,63
74,50
45,36
72,53
60,39
55,32
86,69
78,74
73,55
81,72
96,72
99,86
54,47
45,34
41,24
63,51
95,73
88,68
67,52
40,38
40,11
67,41
75,57
59,41
87,62
47,48
40,37
65,41
90,91
82,73
88,82
64,44
49,29
51,32
80,78
46,21
51,43
86,69
79,56
56,31
44,36
53,30
73,56
87,87
56,54
74,61
94,77
40,30
98,69
89,74
89,72
75,71
54,30
99,82
58,51
90,76
81,76
44,17
58,40
82,63
78,60
44,44
91,87
51,27
58,30
86,68
51,44
75,53
51,40
57,36
88,79
90,86
87,85
82,61
73,63
87,82
72,47
88,66
57,48
96,90
68,70
84,64
44,27
64,58
63,48
68,57
98,90
77,56
72,50
49,48
76,74
99,86
72,59
62,43
97,75
50,32
63,44
63,54
46,24
89,61
60,45
59,44
92,84
49,32
64,50
86,73
75,52
87,85
86,61
54,52
83,82
79,57
79,58
89,83
45,41
76,58
41,25
51,43
97,74
43,34
62,58
52,34
56,30
70,62
55,52
80,56
65,45
67,51
40,18
86,64
51,38
76,69
94,89
95,81
89,76
59,38
41,14
75,62
54,39
77,51
61,53
83,54
89,68
71,53
98,86
59,51
75,48
72,50
54,24
89,79
85,63
42,13
68,54
86,61
66,58
44,35
98,78
95,95
70,61
61,32
74,66
93,83
46,35
45,33
65,55
93,87
40,18
58,45
46,26
75,66
51,44
59,55
62,40
64,61
69,54
98,95
68,56
70,61
57,53
80,60
58,35
93,93
43,20
40,24
80,54
98,78
54,45
93,77
47,40
54,44
54,45
89,66
78,57
61,42
57,34
55,43
41,37
75,57
59,44
55,35
42,36
95,82
69,55
94,74
41,19
74,72
65,42
96,81
44,38
41,21
90,82
95,80
59,51
73,53
73,62
93,91
95,71
94,74
59,40
89,83
64,58
59,38
64,56
92,73
53,46
99,82
86,88
83,56
82,68
82,63
78,71
51,27
87,85
44,34
41,33
93,77
55,50
94,69
69,55
86,76
82,74
77,61
84,60
90,84
81,56
63,43
90,82
69,43
76,73
96,81
98,94
92,74
78,76
50,38
53,38
62,42
92,71
55,34
89,84
60,32
94,85
94,76
43,21
72,65
93,92
86,69
53,49
58,54
98,81
44,15
75,66
70,56
84,71
57,40
83,66
70,57
94,79
69,57
60,43
86,65
69,66
94,74
80,76
43,30
44,39
80,79
84,60
49,24
66,42
55,33
69,57
52,32
75,71
60,58
84,64
92,72
79,64
84,61
54,43
59,54
59,56
84,75
94,72
98,84
44,30
93,80
93,82
99,96
71,60
45,19
69,62
65,61
76,53
52,34
68,43
44,27
64,55
52,51
63,58
70,69
59,52
94,72
47,38
99,73
48,26
60,46
90,60
59,43
54,43
65,65
93,89
81,60
50,22
76,53
80,70
50,31
66,52
69,59
58,40
73,50
77,66
62,45
92,69
40,13
42,37
42,25
67,45
53,47
91,93
69,40
97,85
93,73
44,27
88,80
54,46
77,57
53,43
53,25
96,90
98,93
88,67
47,44
47,18
58,46
71,44
70,47
68,55
80,59
50,42
84,69
52,29
66,53
95,90
58,40
65,55
92,78
90,64
76,68
87,68
48,44
67,45
71,47
91,73
93,71
42,25
90,65
71,70
44,33
47,42
53,35
95,90
42,17
63,59
52,36
82,71
68,45
47,31
90,77
81,73
70,47
65,56
57,30
97,84
57,41
96,73
46,41
87,77
77,63
87,79
55,28
94,91
95,76
99,92
72,61
95,92
90,72
42,20
77,54
43,35
75,67
43,20
81,76
48,33
79,68
90,81
56,36
56,46
72,50
59,36
53,44
61,43
91,79
66,44
82,67
42,27
63,39
69,49
47,28
61,46
64,48
99,90
49,24
88,75
68,61
79,62
93,87
40,13
91,85
60,47
78,54
63,57
48,26
99,89
83,61
93,93
65,43
48,24
59,45
95,86
74,65
75,70
81,79
75,59
93,72
48,36
61,46
40,24
44,25
48,38
76,65
77,59
58,53
47,45
81,82
82,64
71,50
52,39
59,43
75,54
82,58
83,73
76,56
69,42
49,25
70,48
64,49
68,59
63,45
78,60
60,32
80,59
48,40
81,55
81,69
41,12
43,39
47,25
71,62
53,40
88,67
52,42
60,44
63,57
89,83
57,43
84,61
79,76
65,54
71,60
83,74
96,74
94,66
95,94
92,83
72,65
91,82
70,52
57,34
74,61
51,30
90,77
64,45
84,59
70,66
49,45
86,73
91,81
73,72
90,72
42,27
85,70
78,51
47,21
71,50
82,82
68,58
61,59
59,41
45,21
82,78
88,85
68,59
81,72
95,83
56,31
70,58
92,74
73,50
77,72
96,84
76,67
43,29
41,20
51,31
74,58
45,39
95,77
85,78
47,39
60,51
92,86
97,78
85,66
74,74
87,70
54,38
46,44
54,52
84,63
45,46
86,63
56,50
43,37
61,52
71,55
98,77
61,46
66,52
85,59
54,32
99,87
83,61
90,75
61,59
67,40
81,61
77,62
99,86
96,89
48,29
73,72
75,53
48,24
54,30
84,79
59,51
47,34
97,87
67,43
90,80
58,54
96,80
55,29
50,34
81,58
47,38
72,57
49,20
57,49
74,73
82,61
89,87
42,37
79,69
66,46
98,79
67,60
85,68
45,38
86,71
53,28
46,44
49,31
54,41
70,63
68,44
81,69
93,88
56,49
98,76
90,63
68,55
88,86
83,71
54,41
65,58
51,26
64,39
80,54
44,25
43,29
83,81
87,65
80,57
96,85
70,60
42,27
92,82
42,37
65,48
89,85
56,28
99,83
49,47
41,37
63,62
50,26
63,59
74,59
62,56
71,46
62,35
73,71
80,69
58,41
41,34
99,89
90,83
41,33
54,48
95,71
60,52
74,63
44,27
82,79
66,44
63,45
46,34
45,34
85,69
72,56
97,86
88,78
56,49
85,67
81,71
69,61
47,36
79,69
85,80
46,39
45,39
43,21
40,30
54,47
70,53
64,59
86,79
72,44
91,66
74,51
94,90
44,16
44,23
75,62
56,51
92,84
91,86
53,50
97,90
68,55
47,31
73,64
79,64
40,38
68,46
75,54
90,81
76,67
68,54
44,19
92,85
71,54
99,89
91,66
63,55
58,52
51,27
91,74
40,14
46,19
56,52
73,63
82,55
46,18
56,39
98,74
42,23
68,57
61,54
77,67
93,86
82,71
68,52
89,85
89,72
93,88
81,55
44,39
69,58
62,65
94,90
60,35
95,88
65,48
93,72
86,60
60,45
59,53
62,49
43,39
60,42
60,35
40,34
54,54
56,37
90,78
53,49
98,96
58,43
89,80
99,80
73,62
45,37
84,81
88,74
45,30
92,87
93,74
44,20
46,37
72,55
52,25
90,67
93,78
40,35
52,24
82,72
66,42
46,24
91,82
42,15
97,87
64,59
72,67
79,69
56,45
84,83
53,31
76,61
97,80
95,70
93,67
62,37
98,81
63,46
68,46
77,52
98,84
93,84
66,58
77,66
92,85
79,55
84,67
89,75
62,36
70,64
75,69
56,42
76,64
42,38
75,56
94,73
44,28
85,67
54,34
91,73
88,79
45,38
98,78
49,35
93,85
71,45
62,37
87,78
56,52
85,64
59,32
83,65
80,67
54,40
83,64
85,79
97,91
61,56
89,85
91,64
45,34
43,16
97,88
62,53
83,80
84,64
58,37
93,75
84,82
70,60
83,64
91,76
42,35
67,61
42,18
53,25
57,47
66,47
90,81
99,99
49,28
88,77
54,37
58,35
48,38
43,31
54,29
90,77
87,70
47,37
88,75
92,83
40,24
46,23
92,90
70,64
57,41
51,44
87,84
69,65
72,54
98,84
86,78
46,21
67,49
88,69
42,31
82,56
45,41
70,54
77,69
54,53
46,40
82,58
69,41
66,46
56,50
94,75
57,32
61,37
95,83
92,75
65,39
90,74
66,43
79,56
63,58
91,64
47,39
60,38
68,53
82,68
60,36
42,29
70,67
94,72
66,61
85,70
66,51
48,32
96,80
72,62
72,59
65,50
67,57
83,70
82,70
70,69
92,87
40,29
59,42
51,27
56,49
54,35
73,46
89,76
55,47
43,22
47,36
73,66
85,68
64,61
54,36
67,39
48,20
41,28
56,29
97,86
49,25
48,20
70,58
41,38
63,62
58,37
56,34
82,56
88,72
49,25
89,82
94,70
67,52
77,76
87,78
67,51
98,96
89,90
91,64
89,79
40,22
99,96
42,32
54,42
91,88
49,36
60,48
76,51
54,40
62,34
53,43
54,59
49,42
95,93
48,37
83,63
78,70
44,33
64,50
95,84
81,60
96,67
65,47
47,34
61,38
91,84
64,53
87,69
51,32
48,21
49,30
87,85
49,45
48,43
65,63
74,64
66,62
99,76
70,62
58,40
82,71
77,56
45,38
54,39
68,62
86,84
84,64
93,71
44,38
53,26
92,67
41,23
62,57
83,80
91,68
85,77
58,37
63,39
59,49
86,74
66,53
91,67
63,38
56,47
64,40
85,68
94,70
70,54
67,49
89,79
98,82
67,62
61,46
95,86
98,80
44,17
93,69
83,58
81,74
47,32
77,64
67,57
96,82
86,78
51,40
96,88
64,42
77,67
83,56
54,26
83,56
80,63
90,78
92,68
73,66
99,90
84,65
52,33
47,32
98,74
52,48
75,57
45,22
77,69
71,62
60,52
83,66
83,81
88,75
98,80
46,20
65,40
54,55
95,78
88,76
81,60
62,44
91,85
77,56
80,76
54,49
87,72
92,69
79,72
55,50
71,57
76,56
57,46
59,45
85,60
41,22
94,81
62,54
69,48
42,28
85,73
78,52
86,74
88,84
40,13
80,57
61,42
68,47
53,48
87,81
67,63
60,43
84,71
71,49
45,43
93,69
40,34
60,37
96,74
43,21
42,38
88,67
69,64
70,61
73,46
58,41
59,58
62,40
93,92
98,86
79,77
64,52
54,47
77,70
62,57
91,90
41,32
96,93
96,94
54,42
91,82
83,58
74,68
49,25
53,30
66,46
93,86
53,42
74,49
72,70
91,74
40,26
73,56
58,54
63,48
81,70
43,22
75,62
52,33
97,93
71,62
48,31
78,60
55,50
89,67
42,17
91,82
59,41
49,24
95,78
97,80
97,93
61,64
87,60
42,18
50,28
64,54
81,71
87,68
47,23
48,20
54,37
71,47
92,81
42,18
43,16
69,49
52,33
83,60
60,55
80,75
96,81
85,64
58,41
78,68
87,59
61,44
59,55
76,54
70,53
49,24
57,37
82,65
78,69
85,82
59,39
57,54
50,36
61,55
98,78
83,73
57,49
97,74
73,51
62,37
40,16
94,84
49,47
92,70
40,28
77,72
78,60
88,67
48,33
70,58
46,36
56,35
74,56
87,71
76,51
91,88
57,36
72,50
43,42
62,44
50,42
91,75
48,34
69,54
47,36
79,53
44,24
51,30
40,13
54,43
64,56
57,50
77,67
81,74
85,73
92,90
65,42
79,77
98,84
42,37
93,91
61,34
65,40
58,53
83,63
83,82
86,73
99,86
78,56
98,94
75,74
60,37
80,69
93,79
87,83
65,50
52,47
75,53
63,62
80,75
65,48
60,40
57,45
54,27
54,32
45,20
82,80
70,51
67,44
47,29
68,46
60,37
56,44
95,90
96,75
88,84
63,44
97,91
99,94
89,69
75,57
70,55
86,61
73,54
41,12
81,62
42,40
69,57
47,33
91,71
46,26
51,39
97,74
58,56
65,45
67,61
54,45
53,43
87,68
98,79
53,40
42,37
89,72
68,67
99,93
93,85
45,26
88,84
62,45
67,41
53,39
53,28
59,48
52,46
66,38
99,87
74,50
84,63
95,89
41,19
80,56
84,82
79,60
87,67
63,50
68,52
42,17
84,61
43,22
89,79
41,15
59,34
93,83
92,71
54,47
88,70
71,58
81,74
40,34
77,66
74,73
90,72
46,34
84,80
52,49
88,69
40,16
53,46
68,50
97,67
42,37
85,78
63,62
40,18
87,83
49,42
52,36
75,64
48,47
53,48
75,63
49,31
79,54
62,46
74,53
94,86
46,34
81,66
74,53
41,32
54,32
48,26
86,59
56,45
78,54
91,89
57,35
54,40
57,49
63,46
62,63
51,43
62,44
60,48
65,53
47,32
69,58
73,50
41,39
44,41
70,61
72,49
93,84
43,32
45,32
62,60
84,67
58,46
82,56
84,74
47,28
78,52
52,28
40,18
45,45
46,41
87,78
66,48
54,26
91,86
73,56
97,77
96,95
62,47
87,62
88,87
63,40
54,35
74,60
43,41
83,67
76,70
56,55
70,54
77,72
49,26
93,77
89,67
66,39
81,54
45,43
95,89
45,28
91,80
54,51
43,23
96,79
87,77
93,89
95,80
79,57
46,20
90,68
97,71
88,88
92,85
84,77
86,66
65,61
97,74
70,48
41,18
67,59
81,55
52,47
57,52
69,50
94,77
50,25
52,35
90,65
63,40
96,70
68,61
95,89
93,77
44,22
74,55
58,52
94,88
52,44
44,39
83,80
53,35
77,52
61,34
48,33
88,64
79,65
65,55
84,58
44,29
68,65
93,80
61,55
88,78
42,22
67,53
77,77
53,41
86,69
53,47
82,64
50,28
48,35
77,63
86,71
83,78
45,32
40,40
64,55
55,42
91,88
54,43
73,66
56,33
42,12
42,32
76,48
56,56
94,73
88,65
91,83
77,53
40,39
46,32
65,55
86,76
78,69
58,54
91,89
93,87
69,66
82,65
94,71
53,27
52,38
59,43
65,38
66,59
64,44
48,39
80,67
87,70
51,24
49,31
45,24
89,61
73,59
98,87
91,68
80,62
58,50
45,27
41,36
54,43
56,35
55,29
67,56
60,41
47,37
49,26
49,46
89,75
49,40
48,36
67,62
63,47
58,39
72,57
43,20
95,87
42,31
81,57
51,37
57,29
62,48
59,41
45,43
92,70
73,54
81,77
41,40
69,39
48,38
66,61
81,59
73,68
79,59
63,55
88,63
56,47
68,49
75,64
89,72
51,46
70,55
88,73
48,41
58,50
85,61
85,60
56,52
41,31
79,66
44,16
98,93
78,59
93,78
87,79
55,50
56,38
93,80
66,58
46,44
91,70
47,45
47,40
62,57
71,61
82,72
86,83
57,36
77,61
93,90
51,22
54,35
67,59
94,89
77,66
89,88
95,91
70,53
91,64
48,40
47,24
85,59
58,49
90,85
47,47
73,54
96,82
43,31
70,67
77,58
42,36
74,66
58,39
82,61
68,64
49,31
51,39
85,78
69,43
69,62
99,80
57,51
63,40
71,48
48,38
86,61
63,42
65,57
42,26
62,58
50,40
49,26
89,78
75,62
99,90
52,50
68,57
77,62
98,74
92,74
52,40
96,81
65,45
59,50
44,17
59,31
53,40
84,61
53,26
47,20
87,73
52,55
63,37
54,35
90,90
40,36
61,38
73,65
89,66
90,88
79,53
42,27
94,90
65,50
53,49
97,71
80,72
47,21
88,73
94,68
94,74
95,72
55,38
81,78
60,55
49,24
96,72
64,38
95,73
77,60
61,38
88,74
87,86
86,62
93,80
85,62
43,22
43,28
69,41
41,34
68,52
82,71
75,68
60,47
99,73
60,33
87,83
60,48
43,39
40,29
65,36
95,94
90,73
41,28
48,49
94,73
96,83
84,73
57,50
87,74
87,71
96,92
81,78
80,64
50,37
64,49
65,53
97,95
75,50
81,62
74,74
77,70
42,29
98,81
80,58
74,57
89,61
79,56
61,44
47,30
54,53
84,67
46,21
58,35
79,77
81,72
56,52
40,15
84,67
68,55
97,73
52,25
95,90
87,74
68,53
80,79
81,59
45,40
44,39
73,49
50,41
48,39
77,57
79,66
80,59
48,40
47,47
83,65
97,86
79,75
42,30
52,26
58,49
73,52
71,47
88,64
55,28
75,48
57,47
53,37
69,54
41,18
52,37
66,41
98,96
92,69
91,64
56,48
70,59
54,39
96,80
59,38
44,26
46,27
57,50
95,89
50,45
71,42
89,80
66,48
65,59
76,53
84,72
67,46
89,75
41,25
59,36
43,24
52,31
63,39
87,81
77,63
97,81
79,63
87,69
84,66
94,80
68,52
97,68
75,57
41,37
80,68
57,35
88,65
47,28
97,82
54,29
80,62
56,35
62,51
41,22
45,42
68,45
66,48
76,61
88,59
73,50
57,33
81,65
49,26
77,69
98,87
83,85
56,46
98,82
52,36
91,77
99,85
87,85
81,62
66,54
92,89
41,35
73,65
70,52
62,37
46,27
77,60
72,52
51,28
84,72
51,23
58,59
48,20
49,38
56,31
89,81
79,66
78,68
80,75
49,24
51,26
54,39
70,61
54,52
67,38
43,25
75,73
94,93
40,16
97,75
83,64
96,77
73,44
86,66
56,48
78,50
77,56
83,55
90,83
72,58
99,93
60,38
65,55
85,80
75,64
44,37
72,49
40,33
92,78
45,31
76,53
41,25
96,69
92,89
98,80
98,80
44,22
65,52
80,59
90,88
92,81
86,79
52,28
51,28
44,19
41,31
98,87
43,17
98,75
66,61
89,72
92,78
49,36
52,45
83,74
41,17
65,47
54,25
85,81
96,74
49,30
61,59
79,60
64,58
54,28
52,33
47,30
60,31
60,36
61,56
85,82
72,50
84,76
66,52
79,60
89,91
61,52
69,43
48,32
84,77
74,55
57,52
81,68
44,41
66,63
96,99
45,17
71,47
47,24
95,80
78,79
60,49
57,27
53,51
54,41
81,67
65,48
92,72
83,75
71,48
78,58
67,62
99,83
78,68
82,55
71,55
52,49
54,27
57,38
78,66
45,37
94,72
50,34
71,68
79,56
59,52
72,67
79,69
47,45
90,76
74,65
44,26
74,54
86,68
53,34
60,56
86,63
63,47
56,40
57,31
73,56
51,36
55,41
43,43
64,61
73,69
67,44
85,82
50,48
52,27
70,45
99,75
64,54
78,76
49,44
63,50
40,17
92,66
64,42
67,42
75,56
57,48
45,40
41,24
42,38
85,73
47,40
70,62
87,65
58,37
89,68
45,30
53,31
42,15
87,89
40,33
83,72
69,64
85,78
58,40
93,91
58,49
48,38
46,28
85,62
76,62
89,89
80,74
92,85
46,33
48,41
43,24
64,47
88,65
51,50
45,35
57,30
79,76
60,55
54,49
42,19
41,15
95,86
94,77
80,55
79,77
98,74
43,23
71,56
41,18
85,76
68,57
41,13
73,64
66,54
99,97
93,89
78,53
83,74
77,61
57,41
75,48
58,48
66,54
84,67
59,34
60,60
62,46
69,45
64,56
70,49
66,49
73,65
47,39
58,33
80,55
65,50
67,52
43,43
70,58
55,45
90,81
49,36
77,64
87,57
49,46
84,76
48,43
78,58
75,61
90,72
97,82
75,69
58,35
99,91
58,40
51,26
52,34
64,35
75,67
64,60
67,48
81,62
92,84
78,67
69,50
44,42
56,37
57,50
82,61
86,61
60,48
61,56
78,54
89,86
97,77
96,77
45,25
89,67
55,51
41,20
90,74
40,12
96,78
69,48
97,79
82,66
91,82
76,67
87,75
62,52
40,25
58,39
85,66
42,24
41,17
95,93
76,62
56,47
67,55
57,41
72,67
54,43
61,42
80,64
66,42
94,77
76,52
71,62
99,90
84,60
58,49
67,54
67,61
95,67
49,42
59,43
64,58
60,50
53,34
61,51
92,89
65,41
83,70
50,35
94,79
46,26
56,46
57,51
46,30
95,88
59,55
77,60
50,26
83,85
97,76
55,53
90,70
94,64
66,41
90,73
50,47
55,49
62,53
99,95
98,87
51,26
98,89
79,73
42,19
41,33
99,75
77,59
87,79
91,82
63,58
68,61
86,59
85,63
73,60
59,55
57,38
53,49
57,48
41,24
40,27
59,34
73,59
80,60
80,75
87,67
50,36
66,60
62,43
77,52
83,73
42,36
51,37
69,66
70,64
62,54
40,31
80,59
59,49
93,80
45,19
50,27
74,51
43,25
68,48
98,82
49,47
90,70
68,57
77,69
40,32
79,78
47,41
96,72
77,71
56,44
58,57
72,57
54,41
84,62
70,48
60,59
42,34
41,17
74,54
80,55
98,73
55,50
95,91
84,73
90,70
98,74
89,86
60,34
51,25
67,47
51,45
72,62
59,49
79,62
88,65
60,40
99,97
91,79
93,93
78,60
80,61
88,73
98,89
81,71
75,61
61,39
65,44
46,32
46,35
47,20
65,62
63,42
63,43
79,56
87,79
51,30
86,73
47,25
93,84
48,27
42,41
93,92
60,53
70,63
87,67
86,74
63,37
43,33
59,58
55,55
49,40
82,79
65,68
68,57
44,20
50,28
68,50
84,80
54,44
45,19
87,81
54,46
82,83
59,58
73,53
99,73
99,79
41,15
83,62
55,46
58,41
73,68
88,72
53,43
63,51
67,38
87,80
71,48
76,63
49,31
88,66
84,69
87,62
48,49
63,54
75,57
95,77
68,56
99,79
68,60
97,88
87,83
62,43
66,48
70,50
82,61
46,24
88,71
93,81
84,76
43,17
53,30
81,78
81,78
49,37
98,86
83,77
73,63
65,46
62,38
48,41
76,51
47,24
92,88
53,50
46,30
46,32
48,18
42,29
53,41
56,37
89,85
83,67
61,30
85,69
65,43
97,72
67,47
84,69
53,48
48,20
90,73
65,49
41,26
50,44
56,49
73,61
58,28
78,74
57,33
52,42
44,39
89,82
62,48
97,95
95,92
63,36
68,37
87,65
86,82
47,37
65,45
54,34
96,78
40,18
67,59
88,82
86,75
85,65
53,40
81,60
73,67
98,95
70,56
45,35
88,73
44,37
70,53
76,62
54,44
54,36
91,76
82,60
44,28
67,48
72,62
50,19
82,80
45,46
62,47
79,79
41,27
54,43
62,43
61,56
48,27
86,70
79,70
69,61
55,53
98,87
85,68
86,61
91,70
69,65
84,61
48,27
40,22
98,81
77,60
47,41
98,98
98,79
91,77
57,51
66,43
57,27
71,69
97,98
88,80
71,68
92,76
87,72
84,64
93,87
75,53
75,71
60,40
85,58
71,55
70,50
76,64
55,44
85,79
85,65
53,37
96,85
63,48
64,55
85,64
90,74
74,67
56,38
85,65
81,60
84,72
93,73
43,34
50,45
86,75
54,28
69,48
63,64
41,42
82,72
73,52
62,40
70,61
76,66
52,43
72,49
46,16
71,46
46,28
81,57
77,62
91,76
83,56
52,44
63,49
67,64
71,52
82,79
57,52
73,52
87,71
73,59
90,90
77,58
40,25
82,78
89,77
81,73
70,61
89,71
99,82
40,25
90,76
55,39
97,91
78,73
54,34
72,64
62,36
92,67
80,63
73,64
56,29
64,41
95,70
81,57
45,36
70,67
44,29
79,58
79,77
69,60
44,16
51,50
46,25
84,68
52,52
88,72
43,21
89,63
81,74
42,24
51,33
40,29
66,53
82,68
89,75
52,41
56,34
47,29
71,44
59,42
90,90
56,52
73,55
74,63
74,56
77,76
81,62
63,39
93,78
57,35
89,74
85,58
87,72
78,62
72,52
88,65
62,50
64,61
76,57
66,51
40,37
60,40
98,91
88,77
49,31
70,61
83,85
64,47
59,57
96,95
41,23
94,74
87,67
54,52
67,50
52,38
89,76
99,88
91,73
93,81
53,41
89,72
41,39
73,62
74,54
76,68
64,40
87,72
93,83
54,49
51,47
48,27
97,76
70,55
53,49
68,69
92,72
87,66
82,62
77,55
81,65
99,88
47,32
87,66
42,20
41,35
55,30
58,54
69,42
80,67
55,43
70,60
93,72
97,79
67,41
43,25
49,23
90,82
84,67
57,48
86,74
71,70
69,60
75,46
48,41
75,50
68,49
55,40
67,61
60,56
86,82
95,88
41,19
99,89
98,92
85,62
74,70
93,88
67,42
94,89
75,51
70,48
72,59
62,40
99,71
80,71
56,50
85,78
88,84
40,29
81,63
62,34
87,68
66,52
64,51
71,46
58,32
63,61
96,74
42,29
99,82
51,43
74,67
54,38
56,30
89,69
71,52
46,33
58,48
46,23
44,41
97,78
79,53
60,39
87,84
87,70
90,83
96,81
86,82
46,33
76,64
62,59
50,36
49,36
96,81
60,47
94,69
98,80
80,55
72,54
59,40
72,70
79,71
74,47
73,62
75,59
66,48
58,47
82,72
44,32
68,47
95,76
49,29
95,87
98,71
94,75
79,63
52,28
68,64
44,16
97,89
97,90
98,91
51,43
98,84
52,47
61,47
79,71
54,37
52,35
40,38
93,85
77,58
82,69
84,74
92,89
91,80
40,21
50,45
97,74
82,77
79,51
61,38
74,69
99,98
90,85
83,62
45,38
67,57
70,41
94,76
47,30
44,28
81,56
93,77
87,85
83,72
56,42
77,56
48,43
49,38
59,38
53,30
53,52
65,55
68,67
88,78
66,51
64,39
55,46
75,67
73,52
55,36
72,54
42,25
62,53
50,28
87,64
97,77
57,46
86,69
80,74
83,85
68,49
98,89
89,88
44,40
63,58
68,63
68,57
99,87
65,40
79,67
42,32
41,27
64,47
58,51
79,72
41,31
58,42
40,28
66,45
93,75
84,81
94,88
91,67
88,62
74,59
80,75
44,30
77,62
43,17
56,47
92,87
60,51
92,72
87,76
70,56
87,86
61,37
50,35
73,54
88,83
54,40
89,78
49,47
77,68
71,67
92,92
87,67
70,59
76,61
83,69
67,53
70,48
45,32
53,47
97,71
62,48
55,43
64,44
78,53
41,24
77,76
80,58
78,59
73,51
90,68
79,73
82,60
64,56
75,66
55,34
96,75
57,53
52,31
98,88
76,48
66,56
73,67
50,29
40,30
52,40
69,64
44,23
57,39
53,33
52,33
71,68
46,32
47,33
89,83
46,41
91,76
88,76
55,45
82,72
70,60
90,75
66,55
99,91
72,56
92,77
68,47
47,37
72,61
80,58
58,42
60,40
80,59
60,53
64,47
81,72
95,90
62,43
50,35
72,52
59,47
64,50
65,57
79,58
91,78
51,25
71,64
72,61
49,42
43,39
54,46
90,88
45,26
66,49
44,34
44,31
57,52
67,68
74,50
98,93
61,32
73,48
43,36
57,54
80,55
90,74
65,53
81,76
61,54
86,80
72,68
82,63
53,46
70,45
49,43
90,83
63,56
60,29
87,79
47,40
71,55
70,55
73,65
62,41
64,53
46,41
58,34
46,23
86,70
47,38
53,45
40,14
52,37
42,33
92,81
67,68
77,76
90,74
54,41
75,70
92,89
42,25
43,36
44,27
89,71
65,56
64,41
49,41
47,34
51,23
93,78
97,76
98,78
42,38
66,48
89,65
62,59
79,52
97,97
72,54
53,34
93,80
62,54
70,63
52,26
96,85
51,40
74,68
57,32
60,44
84,70
86,66
81,76
40,29
77,70
80,64
81,76
86,72
48,24
62,40
53,37
50,42
46,28
70,61
63,53
65,50
69,55
73,67
85,79
77,77
44,26
44,26
58,44
90,80
77,73
67,61
65,53
81,59
62,40
85,88
88,76
69,65
42,23
67,50
72,59
81,57
42,14
44,41
96,81
58,47
81,67
97,92
96,95
87,79
40,24
77,67
48,30
99,91
44,21
98,87
85,69
81,72
73,70
76,66
72,55
64,60
81,67
68,65
97,87
64,48
93,87
98,84
48,32
42,27
54,37
43,43
84,77
77,65
59,43
88,64
62,43
76,57
86,73
47,32
96,85
76,54
95,81
84,79
72,58
72,53
46,25
61,41
44,44
85,70
54,29
60,34
64,56
56,49
95,78
89,88
46,45
93,77
97,76
89,70
99,80
58,45
91,71
46,42
79,65
84,56
98,93
89,62
63,52
50,24
80,61
94,78
40,28
93,86
71,69
79,71
92,91
83,79
41,41
54,36
60,57
63,54
89,75
56,40
86,61
91,67
91,72
48,42
74,60
59,41
58,32
57,53
59,42
69,49
79,56
40,24
63,39
63,61
86,78
58,53
69,48
65,54
81,70
83,59
99,89
77,58
68,52
52,32
43,32
84,69
56,40
72,73
44,39
67,40
63,35
56,52
89,77
78,67
87,58
79,66
83,66
85,62
90,66
50,49
51,32
52,32
47,38
40,16
48,35
67,49
41,29
53,34
52,33
87,73
41,23
43,35
51,30
87,73
49,43
42,38
43,21
45,26
62,43
44,32
89,64
42,20
49,41
82,70
58,36
53,26
60,37
99,89
82,77
67,47
60,33
75,61
63,39
93,74
77,54
56,47
61,49
58,53
84,66
93,84
49,27
50,23
77,72
41,16
72,47
82,73
70,45
87,68
74,69
76,69
86,69
86,65
75,48
62,57
75,62
79,70
78,73
65,39
64,53
56,40
54,47
76,68
84,73
43,23
61,39
56,40
61,42
56,35
53,47
53,46
56,26
47,36
73,75
65,48
84,57
69,62
61,50
55,30
69,44
55,36
77,69
93,66
63,46
75,68
74,68
45,37
43,36
57,40
45,40
65,60
76,70
66,43
80,81
50,42
77,60
55,36
58,46
82,60
92,67
54,49
65,47
95,79
80,61
95,82
70,48
58,54
96,75
90,68
63,50
97,87
48,25
62,45
43,25
49,28
48,36
58,53
54,47
90,84
73,66
81,66
58,55
88,71
91,86
95,80
60,36
73,57
90,77
56,52
57,29
56,43
41,30
90,74
40,27
82,72
96,82
49,31
76,62
87,79
95,92
44,27
95,79
94,82
51,28
75,73
70,59
94,81
77,59
90,77
48,26
83,70
65,38
54,42
55,40
52,35
64,56
69,48
92,76
95,71
46,20
96,75
94,89
91,79
43,40
82,57
79,66
77,69
96,85
69,53
49,37
69,58
78,71
46,42
75,58
74,68
63,56
78,52
75,54
84,66
59,48
88,69
71,62
98,80
78,71
88,82
65,56
65,53
75,72
82,76
74,63
82,70
74,59
51,42
72,67
75,52
53,40
72,50
85,79
84,75
84,63
63,56
54,40
70,57
56,50
51,39
61,36
62,59
65,49
53,26
51,28
89,88
43,17
98,81
85,63
90,74
52,32
96,72
94,91
57,44
82,66
67,45
77,68
80,71
83,59
58,56
85,78
86,81
82,74
77,65
85,65
42,40
58,49
59,54
64,48
50,40
95,90
56,36
99,89
98,78
88,69
94,75
74,58
53,44
98,74
78,75
96,69
58,34
42,38
73,58
97,92
88,84
80,62
61,59
77,62
95,75
66,59
60,52
80,69
70,67
66,65
76,70
41,12
93,86
86,73
48,41
58,55
81,62
75,61
49,33
98,77
79,63
93,91
84,82
78,72
46,20
43,20
54,46
51,44
87,79
45,34
99,92
48,25
74,69
47,20
46,27
43,40
97,83
52,50
58,55
46,39
49,23
64,58
83,74
97,95
74,64
